Face Value,Interest Rate,Coupon Rate,Period,Acquisition Date,Maturity Date
100000,1%,5%,2,3/5/2016,3/5/2026
100000,2%,5%,2,3/5/2016,3/5/2026
100000,3%,5%,2,3/5/2016,3/5/2026
100000,4%,5%,2,3/5/2016,3/5/2026
100000,5%,5%,2,3/5/2016,3/5/2026
100000,6%,5%,2,3/5/2016,3/5/2026
100000,7%,5%,2,3/5/2016,3/5/2026
100000,8%,5%,2,3/5/2016,3/5/2026
100000,9%,5%,2,3/5/2016,3/5/2026
100000,10%,5%,2,3/5/2016,3/5/2026
100000,11%,5%,2,3/5/2016,3/5/2026
100000,12%,5%,2,3/5/2016,3/5/2026
100000,13%,5%,2,3/5/2016,3/5/2026
100000,14%,5%,2,3/5/2016,3/5/2026
100000,15%,5%,2,3/5/2016,3/5/2026
100000,16%,5%,2,3/5/2016,3/5/2026
100000,17%,5%,2,3/5/2016,3/5/2026
100000,18%,5%,2,3/5/2016,3/5/2026
100000,19%,5%,2,3/5/2016,3/5/2026
100000,20%,5%,2,3/5/2016,3/5/2026
